{
    "illegal": [
        {
            "w": 330.45819091796877,
            "x": -1310.0,
            "id": "1747533579_2464",
            "y": -843.1948852539063,
            "z": 16.77557373046875
        }
    ],
    "legal": []
}